[
  {
    "id": "c2b70b9f-f605-4d4d-9a30-c5fa34c3ffc3",
    "data": [
      {
        "text": "novo agendamento",
        "userDefined": false
      }
    ],
    "isTemplate": false,
    "count": 0,
    "lang": "pt-br",
    "updated": 0
  },
  {
    "id": "bc6a755d-fdf8-4974-91c3-7673e145cc7b",
    "data": [
      {
        "text": "Meu nome é ",
        "userDefined": false
      },
      {
        "text": "pacientenome",
        "meta": "@sys.given-name",
        "alias": "nome",
        "userDefined": true
      },
      {
        "text": " ",
        "userDefined": false
      },
      {
        "text": "pacientesobrenome",
        "meta": "@sys.last-name",
        "alias": "sobrenome",
        "userDefined": true
      },
      {
        "text": ", quero marcar uma consulta com o Dr ",
        "userDefined": false
      },
      {
        "text": "médiconome",
        "meta": "@sys.given-name",
        "alias": "medico_nome",
        "userDefined": true
      },
      {
        "text": " ",
        "userDefined": false
      },
      {
        "text": "medicosobrenome",
        "meta": "@sys.last-name",
        "alias": "medico_sobrenome",
        "userDefined": true
      },
      {
        "text": " no ",
        "userDefined": false
      },
      {
        "text": "dia",
        "userDefined": true
      },
      {
        "text": " ",
        "userDefined": false
      },
      {
        "text": "data",
        "meta": "@sys.date",
        "alias": "data",
        "userDefined": true
      },
      {
        "text": " às ",
        "userDefined": false
      },
      {
        "text": "hora.",
        "meta": "@sys.time",
        "alias": "horario",
        "userDefined": true
      },
      {
        "text": " Meu e-mail é ",
        "userDefined": false
      },
      {
        "text": "email",
        "meta": "@sys.email",
        "alias": "email",
        "userDefined": true
      },
      {
        "text": ".",
        "userDefined": false
      }
    ],
    "isTemplate": false,
    "count": 0,
    "lang": "pt-br",
    "updated": 0
  },
  {
    "id": "24021d4a-792f-49f5-bcdf-8a1fd926178d",
    "data": [
      {
        "text": "quero marcar uma consulta com",
        "userDefined": false
      },
      {
        "text": " o Dra ",
        "userDefined": false
      },
      {
        "text": "médiconome",
        "meta": "@sys.given-name",
        "alias": "medico_nome",
        "userDefined": true
      },
      {
        "text": " ",
        "userDefined": false
      },
      {
        "text": "medicosobrenome",
        "meta": "@sys.last-name",
        "alias": "medico_sobrenome",
        "userDefined": true
      },
      {
        "text": " no dia ",
        "userDefined": false
      },
      {
        "text": "data",
        "meta": "@sys.date",
        "alias": "data",
        "userDefined": true
      },
      {
        "text": " às ",
        "userDefined": false
      },
      {
        "text": "hora",
        "meta": "@sys.time",
        "alias": "horario",
        "userDefined": false
      }
    ],
    "isTemplate": false,
    "count": 0,
    "lang": "pt-br",
    "updated": 0
  },
  {
    "id": "f4042ff9-4d56-4a70-b2ff-986944faaba6",
    "data": [
      {
        "text": "quero marcar uma consulta com",
        "userDefined": false
      },
      {
        "text": " o Dr ",
        "userDefined": false
      },
      {
        "text": "médiconome",
        "meta": "@sys.given-name",
        "alias": "medico_nome",
        "userDefined": true
      },
      {
        "text": " ",
        "userDefined": false
      },
      {
        "text": "medicosobrenome",
        "meta": "@sys.last-name",
        "alias": "medico_sobrenome",
        "userDefined": true
      },
      {
        "text": " no dia ",
        "userDefined": false
      },
      {
        "text": "data",
        "meta": "@sys.date",
        "alias": "data",
        "userDefined": true
      },
      {
        "text": " às ",
        "userDefined": false
      },
      {
        "text": "hora",
        "meta": "@sys.time",
        "alias": "horario",
        "userDefined": false
      }
    ],
    "isTemplate": false,
    "count": 0,
    "lang": "pt-br",
    "updated": 0
  },
  {
    "id": "8c333724-c204-4a1e-bade-becbfbf2cd24",
    "data": [
      {
        "text": "quero",
        "userDefined": false
      }
    ],
    "isTemplate": false,
    "count": 1,
    "lang": "pt-br",
    "updated": 0
  },
  {
    "id": "a2fa3174-483e-44f0-9ea3-7bf1752e7725",
    "data": [
      {
        "text": "sim",
        "userDefined": false
      }
    ],
    "isTemplate": false,
    "count": 0,
    "lang": "pt-br",
    "updated": 0
  },
  {
    "id": "83e0326f-ca86-4dab-9217-4b1d7e703726",
    "data": [
      {
        "text": "agendar consulta com Dr.",
        "userDefined": false
      },
      {
        "text": " ",
        "userDefined": false
      },
      {
        "text": "médiconome",
        "meta": "@sys.given-name",
        "alias": "medico_nome",
        "userDefined": true
      },
      {
        "text": " ",
        "userDefined": false
      },
      {
        "text": "medicosobrenome",
        "meta": "@sys.last-name",
        "alias": "medico_sobrenome",
        "userDefined": true
      },
      {
        "text": " em ",
        "userDefined": false
      },
      {
        "text": "data",
        "meta": "@sys.date",
        "alias": "data",
        "userDefined": true
      },
      {
        "text": " às ",
        "userDefined": false
      },
      {
        "text": "hora",
        "meta": "@sys.time",
        "alias": "horario",
        "userDefined": true
      }
    ],
    "isTemplate": false,
    "count": 0,
    "lang": "pt-br",
    "updated": 0
  },
  {
    "id": "c61f74e9-670b-4dc0-83c6-903210205e3e",
    "data": [
      {
        "text": "marcar consulta",
        "userDefined": false
      }
    ],
    "isTemplate": false,
    "count": 0,
    "lang": "pt-br",
    "updated": 0
  },
  {
    "id": "ecf7f630-4057-4f57-bb99-95d30fe8e60f",
    "data": [
      {
        "text": "Quero marcar ",
        "userDefined": false
      },
      {
        "text": "uma",
        "userDefined": false
      },
      {
        "text": " consulta",
        "userDefined": false
      }
    ],
    "isTemplate": false,
    "count": 0,
    "lang": "pt-br",
    "updated": 0
  },
  {
    "id": "ae38035a-174d-4def-b37e-b7607853c745",
    "data": [
      {
        "text": "Gostaria de realizar ",
        "userDefined": false
      },
      {
        "text": "um",
        "userDefined": false
      },
      {
        "text": " agendamento",
        "userDefined": false
      }
    ],
    "isTemplate": false,
    "count": 0,
    "lang": "pt-br",
    "updated": 0
  }
]