[
  {
    "id": "4ece5d3e-8c0a-450c-ad82-9df4087e0f11",
    "data": [
      {
        "text": "remover",
        "meta": "@sys.music-artist",
        "alias": "music-artist",
        "userDefined": false
      }
    ],
    "isTemplate": false,
    "count": 0,
    "lang": "pt-br",
    "updated": 0
  },
  {
    "id": "3b0d08ff-5d63-40f9-94be-a641ff6dc826",
    "data": [
      {
        "text": "remover horário",
        "userDefined": false
      }
    ],
    "isTemplate": false,
    "count": 0,
    "lang": "pt-br",
    "updated": 0
  },
  {
    "id": "db7694e9-a892-45c9-954d-2daedf7a9657",
    "data": [
      {
        "text": "cancelar",
        "userDefined": false
      }
    ],
    "isTemplate": false,
    "count": 0,
    "lang": "pt-br",
    "updated": 0
  },
  {
    "id": "5e1b9e84-0297-4224-aff5-e186501ca33d",
    "data": [
      {
        "text": "desmarcar",
        "userDefined": false
      }
    ],
    "isTemplate": false,
    "count": 0,
    "lang": "pt-br",
    "updated": 0
  },
  {
    "id": "64c34812-a616-4782-aad2-4c86793a0c22",
    "data": [
      {
        "text": "quero desmarcar ",
        "userDefined": false
      },
      {
        "text": "uma",
        "userDefined": false
      },
      {
        "text": " consulta",
        "userDefined": false
      }
    ],
    "isTemplate": false,
    "count": 0,
    "lang": "pt-br",
    "updated": 0
  },
  {
    "id": "c8a8a062-8169-447a-8ff9-6ddbffbbdd66",
    "data": [
      {
        "text": "quero cancelar ",
        "userDefined": false
      },
      {
        "text": "uma",
        "userDefined": false
      },
      {
        "text": " consulta",
        "userDefined": false
      }
    ],
    "isTemplate": false,
    "count": 0,
    "lang": "pt-br",
    "updated": 0
  },
  {
    "id": "1a50a505-b747-49cb-88e2-8272b07b87d9",
    "data": [
      {
        "text": "gostaria de cancelar ",
        "userDefined": false
      },
      {
        "text": "um",
        "userDefined": false
      },
      {
        "text": " agendamento",
        "userDefined": false
      }
    ],
    "isTemplate": false,
    "count": 0,
    "lang": "pt-br",
    "updated": 0
  }
]