[
  {
    "id": "c3c38e2d-986c-4a0e-a629-dbc376f572ff",
    "data": [
      {
        "text": "consultar meus agendamentos",
        "userDefined": false
      }
    ],
    "isTemplate": false,
    "count": 0,
    "lang": "pt-br",
    "updated": 0
  },
  {
    "id": "7e11ede1-a787-4422-9c36-5733d1a6bd25",
    "data": [
      {
        "text": "verificar meus agendamentos",
        "userDefined": false
      }
    ],
    "isTemplate": false,
    "count": 0,
    "lang": "pt-br",
    "updated": 0
  },
  {
    "id": "9fd78d82-1a91-4b76-ac58-99a1b888b0fa",
    "data": [
      {
        "text": "verificar agendamento",
        "userDefined": false
      }
    ],
    "isTemplate": false,
    "count": 0,
    "lang": "pt-br",
    "updated": 0
  },
  {
    "id": "a88c7ed6-6ba4-40d6-bb87-3a1036c8a442",
    "data": [
      {
        "text": "verificar",
        "userDefined": false
      }
    ],
    "isTemplate": false,
    "count": 0,
    "lang": "pt-br",
    "updated": 0
  },
  {
    "id": "cdb48e4f-52b8-4e59-8ce3-650b1c3cbc24",
    "data": [
      {
        "text": "consultar agendamento",
        "userDefined": false
      }
    ],
    "isTemplate": false,
    "count": 0,
    "lang": "pt-br",
    "updated": 0
  },
  {
    "id": "bfb4feba-98db-4b24-a59d-f004d9af51ae",
    "data": [
      {
        "text": "consultar",
        "userDefined": false
      }
    ],
    "isTemplate": false,
    "count": 0,
    "lang": "pt-br",
    "updated": 0
  },
  {
    "id": "b85d1722-9749-4e9f-a1dd-44a13d5bdbdd",
    "data": [
      {
        "text": "quero consultar meus agendamentos",
        "userDefined": false
      }
    ],
    "isTemplate": false,
    "count": 0,
    "lang": "pt-br",
    "updated": 0
  }
]