[
  {
    "id": "1bc43cd6-8469-4e43-92f3-ac9ac12e71a1",
    "data": [
      {
        "text": "cancelar",
        "userDefined": false
      }
    ],
    "isTemplate": false,
    "count": 0,
    "lang": "pt-br",
    "updated": 0
  },
  {
    "id": "e933e86a-30c3-45ff-a4d6-5ba847639b70",
    "data": [
      {
        "text": "cancelar agendamento",
        "userDefined": false
      }
    ],
    "isTemplate": false,
    "count": 0,
    "lang": "pt-br",
    "updated": 0
  },
  {
    "id": "d4cb3516-9470-44e7-ba7d-82b48d5ab1ef",
    "data": [
      {
        "text": "remover",
        "userDefined": false
      }
    ],
    "isTemplate": false,
    "count": 0,
    "lang": "pt-br",
    "updated": 0
  },
  {
    "id": "d0ec1c11-deee-40c8-aa42-9e6a8227b911",
    "data": [
      {
        "text": "remover horário",
        "userDefined": false
      }
    ],
    "isTemplate": false,
    "count": 0,
    "lang": "pt-br",
    "updated": 0
  },
  {
    "id": "f629d109-9588-4642-8fe7-3a1fb67fd538",
    "data": [
      {
        "text": "desmarcar  agendamento",
        "userDefined": false
      }
    ],
    "isTemplate": false,
    "count": 0,
    "lang": "pt-br",
    "updated": 0
  },
  {
    "id": "e2850141-6b7d-4e64-8711-539907fea405",
    "data": [
      {
        "text": "desmarcar",
        "userDefined": false
      }
    ],
    "isTemplate": false,
    "count": 0,
    "lang": "pt-br",
    "updated": 0
  }
]