[
  {
    "id": "488706c6-9c08-4561-8cc7-502eaaa22436",
    "data": [
      {
        "text": "listar ",
        "userDefined": false
      },
      {
        "text": "médicos",
        "userDefined": false
      }
    ],
    "isTemplate": false,
    "count": 0,
    "lang": "pt-br",
    "updated": 0
  },
  {
    "id": "6efcfc2b-dc52-4f41-8eb2-48965b006a2d",
    "data": [
      {
        "text": "quais são os ",
        "userDefined": false
      },
      {
        "text": "médicos",
        "userDefined": false
      },
      {
        "text": " disponíveis nesta ",
        "userDefined": false
      },
      {
        "text": "clínica",
        "userDefined": false
      },
      {
        "text": "?",
        "userDefined": false
      }
    ],
    "isTemplate": false,
    "count": 0,
    "lang": "pt-br",
    "updated": 0
  },
  {
    "id": "aa032770-eba8-4114-a2ec-40604a5eb8f1",
    "data": [
      {
        "text": "médicos",
        "userDefined": false
      },
      {
        "text": " disponíveis",
        "userDefined": false
      }
    ],
    "isTemplate": false,
    "count": 0,
    "lang": "pt-br",
    "updated": 0
  },
  {
    "id": "81bf717f-9af0-442b-85fc-a353e5a258e6",
    "data": [
      {
        "text": "gostaria de saber quais ",
        "userDefined": false
      },
      {
        "text": "médicos",
        "userDefined": false
      },
      {
        "text": " estão disponíveis na ",
        "userDefined": false
      },
      {
        "text": "clínica",
        "userDefined": false
      }
    ],
    "isTemplate": false,
    "count": 0,
    "lang": "pt-br",
    "updated": 0
  }
]