[
  {
    "id": "4e5252c8-cac2-4abc-9921-10b8fa737baf",
    "data": [
      {
        "text": "sou profissional",
        "userDefined": false
      }
    ],
    "isTemplate": false,
    "count": 1,
    "lang": "pt-br",
    "updated": 0
  },
  {
    "id": "3c8f1e70-cf19-4ec5-95b5-2ca0c3f284f3",
    "data": [
      {
        "text": "profissional",
        "userDefined": false
      }
    ],
    "isTemplate": false,
    "count": 0,
    "lang": "pt-br",
    "updated": 0
  },
  {
    "id": "e5b3fa53-dc55-4ec0-a8ea-113e7b796a29",
    "data": [
      {
        "text": "sou profissional e quero criar horário",
        "userDefined": false
      }
    ],
    "isTemplate": false,
    "count": 0,
    "lang": "pt-br",
    "updated": 0
  }
]