[
  {
    "id": "7315f786-80c5-49bb-95e0-807a8e895027",
    "data": [
      {
        "text": "quero fazer o login",
        "userDefined": false
      }
    ],
    "isTemplate": false,
    "count": 0,
    "lang": "pt-br",
    "updated": 0
  },
  {
    "id": "f6a0faea-07f4-4824-a4ec-678c82eaa53d",
    "data": [
      {
        "text": "realizar login",
        "userDefined": false
      }
    ],
    "isTemplate": false,
    "count": 0,
    "lang": "pt-br",
    "updated": 0
  },
  {
    "id": "5c6494d8-148d-4333-95f7-f018ade6d37c",
    "data": [
      {
        "text": "login",
        "userDefined": false
      }
    ],
    "isTemplate": false,
    "count": 0,
    "lang": "pt-br",
    "updated": 0
  }
]