[
  {
    "id": "1b70f110-171e-4875-8994-13e4f21268fe",
    "data": [
      {
        "text": "cadastrar",
        "userDefined": false
      }
    ],
    "isTemplate": false,
    "count": 0,
    "lang": "pt-br",
    "updated": 0
  },
  {
    "id": "a173d097-e64b-4140-a441-c944ae0814d5",
    "data": [
      {
        "text": "Novo cadastro",
        "userDefined": false
      }
    ],
    "isTemplate": false,
    "count": 0,
    "lang": "pt-br",
    "updated": 0
  },
  {
    "id": "066aff41-34d1-424e-9060-c86b9b91602f",
    "data": [
      {
        "text": "Quero fazer ",
        "userDefined": false
      },
      {
        "text": "um",
        "userDefined": false
      },
      {
        "text": " novo cadastro",
        "userDefined": false
      }
    ],
    "isTemplate": false,
    "count": 0,
    "lang": "pt-br",
    "updated": 0
  }
]